seed,model,best_cv_acc,test_acc,test_roc_auc,best_params,test_precision,test_recall,test_f1
0,knn,0.5388265544647031,0.6153846153846154,0.5955555555555556,"{'clf__n_neighbors': 2, 'clf__p': 1, 'clf__weights': 'distance'}",0.631578947368421,0.48,0.5454545454545454
1,knn,0.545278167367929,0.5,0.44518518518518524,"{'clf__n_neighbors': 2, 'clf__p': 2, 'clf__weights': 'uniform'}",0.42857142857142855,0.12,0.1875
2,knn,0.5607059373539036,0.5,0.542962962962963,"{'clf__n_neighbors': 2, 'clf__p': 2, 'clf__weights': 'uniform'}",0.45454545454545453,0.2,0.2777777777777778
3,knn,0.5497428705002337,0.4423076923076923,0.4348148148148149,"{'clf__n_neighbors': 5, 'clf__p': 2, 'clf__weights': 'distance'}",0.4090909090909091,0.36,0.3829787234042553
5,knn,0.5714118747078073,0.4807692307692308,0.4051851851851852,"{'clf__n_neighbors': 2, 'clf__p': 2, 'clf__weights': 'distance'}",0.4583333333333333,0.44,0.4489795918367347
