metric,mean,std
best_cv_acc,0.5531930808789154,0.01293555516538873
test_acc,0.5076923076923077,0.0646451396691216
test_precision,0.47642401458190936,0.08902613996496468
test_recall,0.32,0.15491933384829668
test_f1,0.3685381276946626,0.140526708873244
test_roc_auc,0.4847407407407408,0.08070947406834947
