metric,mean,std
best_cv_acc,0.5622954651706404,0.015133090710728391
test_acc,0.55,0.07522156621387668
test_precision,0.5204860357034271,0.0965384633849651
test_recall,0.4640000000000001,0.17798876369029593
test_f1,0.4850114799242184,0.1458653192216482
test_roc_auc,0.5617777777777778,0.08522157032924654
