metric,mean,std
best_cv_acc,0.5605563347358579,0.01917500065622961
test_acc,0.5461538461538462,0.0617184866764662
test_precision,0.5202035002035001,0.08719659395891785
test_recall,0.45599999999999996,0.1614930339054908
test_f1,0.4799881269177271,0.1314203511189675
test_roc_auc,0.5662222222222223,0.07246133257671208
