seed,model,best_cv_acc,test_acc,test_roc_auc,best_params,test_precision,test_recall,test_f1
0,logreg_l2,0.5495792426367462,0.5769230769230769,0.58,"{'clf__C': 0.001, 'clf__class_weight': None}",0.5652173913043478,0.52,0.5416666666666666
1,logreg_l2,0.5865123889668069,0.46153846153846156,0.5066666666666667,"{'clf__C': 0.001, 'clf__class_weight': None}",0.38461538461538464,0.2,0.2631578947368421
2,logreg_l2,0.5497428705002337,0.5961538461538461,0.6355555555555555,"{'clf__C': 0.001, 'clf__class_weight': None}",0.5909090909090909,0.52,0.5531914893617021
3,logreg_l2,0.5606124357176251,0.4807692307692308,0.4444444444444445,"{'clf__C': 0.01, 'clf__class_weight': 'balanced'}",0.45454545454545453,0.4,0.425531914893617
5,logreg_l2,0.5650303880317906,0.6346153846153846,0.6422222222222222,"{'clf__C': 0.01, 'clf__class_weight': 'balanced'}",0.6071428571428571,0.68,0.6415094339622641
