metric,mean,std
best_cv_acc,0.5796026180458158,0.010482504055659538
test_acc,0.5576923076923077,0.08044807947443033
test_precision,0.5339285714285714,0.10106259426307874
test_recall,0.488,0.19057806799314553
test_f1,0.5016706761329186,0.14330512868975406
test_roc_auc,0.5819259259259258,0.06548458179354047
