metric,mean,std
best_cv_acc,0.5657877512856475,0.007257181767854071
test_acc,0.5692307692307692,0.05540330881110744
test_precision,0.5506071467361789,0.05546535827364333
test_recall,0.5199999999999999,0.17663521732655693
test_f1,0.5240745913086339,0.12369469582053491
test_roc_auc,0.5771851851851852,0.07589864008353171
