metric,mean,std
best_cv_acc,0.5762038335670875,0.01596495091204549
test_acc,0.48461538461538456,0.0533632189442754
test_precision,0.446047619047619,0.08215072426095002
test_recall,0.4640000000000001,0.23933240482642548
test_f1,0.4370235186808077,0.1644379853076062
test_roc_auc,0.46977777777777774,0.06669628971485891
