seed,model,best_cv_acc,test_acc,test_roc_auc,best_params,test_precision,test_recall,test_f1
0,knn,0.5929640018700326,0.5769230769230769,0.6096296296296296,"{'clf__n_neighbors': 9, 'clf__p': 1, 'clf__weights': 'distance'}",0.5714285714285714,0.48,0.5217391304347826
1,knn,0.5626227208976158,0.5769230769230769,0.508888888888889,"{'clf__n_neighbors': 2, 'clf__p': 1, 'clf__weights': 'uniform'}",0.8,0.16,0.26666666666666666
2,knn,0.5585086489013558,0.5384615384615384,0.5985185185185184,"{'clf__n_neighbors': 2, 'clf__p': 1, 'clf__weights': 'uniform'}",0.5454545454545454,0.24,0.3333333333333333
3,knn,0.58218793828892,0.5,0.4629629629629629,"{'clf__n_neighbors': 9, 'clf__p': 2, 'clf__weights': 'distance'}",0.47619047619047616,0.4,0.43478260869565216
5,knn,0.5649368863955119,0.5769230769230769,0.605925925925926,"{'clf__n_neighbors': 9, 'clf__p': 1, 'clf__weights': 'uniform'}",0.5652173913043478,0.52,0.5416666666666666
