metric,mean,std
best_cv_acc,0.5722440392706872,0.014686925961362642
test_acc,0.5538461538461539,0.03440104580768905
test_precision,0.5916581968755882,0.12245635222291062
test_recall,0.36,0.15491933384829668
test_f1,0.41963768115942024,0.11873680959033225
test_roc_auc,0.5571851851851852,0.06716562253474698
