metric,mean,std
best_cv_acc,0.5670733987844787,0.013456305535060937
test_acc,0.5576923076923077,0.08382497968347448
test_precision,0.5396072206660442,0.08373159443054634
test_recall,0.528,0.1338656042454521
test_f1,0.5300161725067385,0.10466865296839772
test_roc_auc,0.5623703703703704,0.07740545806512356
