metric,mean,std
best_cv_acc,0.5770032725572698,0.01851323839119622
test_acc,0.5884615384615384,0.07764088168533213
test_precision,0.5766008471814923,0.0896677546675178
test_recall,0.5359999999999999,0.14859340496805368
test_f1,0.5502883689514071,0.10552700618012995
test_roc_auc,0.6014814814814815,0.07561544467402823
