seed,model,best_cv_acc,test_acc,test_roc_auc,best_params,test_precision,test_recall,test_f1
0,logreg_l2,0.5518232819074333,0.5,0.54,"{'clf__C': 10, 'clf__class_weight': 'balanced'}",0.48148148148148145,0.52,0.5
1,logreg_l2,0.575619448340346,0.5384615384615384,0.5422222222222223,"{'clf__C': 0.1, 'clf__class_weight': 'balanced'}",0.5294117647058824,0.36,0.42857142857142855
2,logreg_l2,0.5541841982234689,0.6538461538461539,0.6266666666666667,"{'clf__C': 0.1, 'clf__class_weight': 'balanced'}",0.64,0.64,0.64
3,logreg_l2,0.5713651238896682,0.46153846153846156,0.4548148148148149,"{'clf__C': 0.1, 'clf__class_weight': 'balanced'}",0.44,0.44,0.44
5,logreg_l2,0.5823749415614772,0.6346153846153846,0.6481481481481481,"{'clf__C': 1, 'clf__class_weight': None}",0.6071428571428571,0.68,0.6415094339622641
