metric,mean,std
best_cv_acc,0.596919121084619,0.009866795887591186
test_acc,0.5961538461538461,0.08044807947443032
test_precision,0.5776094276094276,0.0766095009337967
test_recall,0.584,0.15388307249337074
test_f1,0.5755599309614661,0.10688422823922826
test_roc_auc,0.621925925925926,0.07038713250656382
