metric,mean,std
best_cv_acc,0.5756615240766714,0.006078806476970396
test_acc,0.5884615384615384,0.06464513966912155
test_precision,0.5582284382284383,0.05500014695322464
test_recall,0.6,0.2349468024894146
test_f1,0.5633503280156423,0.1510082530932346
test_roc_auc,0.592,0.07344809576101388
