metric,mean,std
best_cv_acc,0.5994997662459094,0.007358551300803613
test_acc,0.576923076923077,0.08382497968347451
test_precision,0.5505036630036629,0.07864762415379561
test_recall,0.6,0.16492422502470644
test_f1,0.5702942046383771,0.11180733247116682
test_roc_auc,0.6011851851851853,0.0859268837749933
