seed,model,best_cv_acc,test_acc,test_roc_auc,best_params,test_precision,test_recall,test_f1
0,knn,0.5555555555555556,0.5238095238095238,0.44090909090909086,"{'clf__n_neighbors': 15, 'clf__p': 2, 'clf__weights': 'distance'}",0.5,0.5,0.5
1,knn,0.538888888888889,0.7142857142857143,0.8227272727272728,"{'clf__n_neighbors': 3, 'clf__p': 1, 'clf__weights': 'uniform'}",0.8333333333333334,0.5,0.625
2,knn,0.5722222222222223,0.5238095238095238,0.5772727272727273,"{'clf__n_neighbors': 3, 'clf__p': 2, 'clf__weights': 'distance'}",0.5,0.5,0.5
3,knn,0.5166666666666667,0.5714285714285714,0.6909090909090909,"{'clf__n_neighbors': 5, 'clf__p': 2, 'clf__weights': 'uniform'}",0.5714285714285714,0.4,0.47058823529411764
5,knn,0.5833333333333333,0.42857142857142855,0.38181818181818183,"{'clf__n_neighbors': 15, 'clf__p': 2, 'clf__weights': 'distance'}",0.4166666666666667,0.5,0.45454545454545453
